,Academic Year,First Year,Second Year,Third Year,Fourth Year,Average Percentage Increase
0,2018-2019,,,,,
1,2019-2020,9.999990957844563,5.502309967156216,5.401505920807836,5.103565758710826,6.50184315112986
2,2020-2021,9.999967119432096,4.999969859467601,4.999922124984213,4.999934855966526,6.249948489962609
3,2021-2022,9.99995516284853,4.999967193968957,4.999991759251476,4.999921413498187,6.2499588823917875
4,2022-2023,9.999979619468302,20.725607146093104,5.502308979434223,5.401555659374724,10.407362851092588
5,2023-2024,4.999962944480951,9.999987059974424,20.725616396779213,5.50235711728333,10.30698087962948
